-0.8236832089526988,1.255628327289565,-0.7924950358819846,2.007407429959751,1.1254298637283922,0.4487622248477897,-0.0059008809652960695
-0.8236832089526988,0.15708621507933687,-0.616611626324067,1.6675028589972412,0.9124441810052587,0.40113894162481883,0.31050720019193434
1.541151114690759,-0.38779067257693617,-0.41401527287245726,0.30788457514720113,1.4868601131983774,0.6881833884523452,0.6857819010993463
1.246434524807648,-0.38779067257693617,-0.41401527287245726,0.30788457514720113,1.4868601131983774,0.6881833884523452,1.2376564612573058
-1.1219506011250948,-1.1172226350845276,-0.5499967286036433,0.30788457514720113,0.8341880778835838,0.5929368220045492,0.3767321474108894
-1.7113837808913166,-0.9326675602332094,0.8655860904221162,-0.37192456677781893,-0.48245068804150115,-1.3583130426790775,-0.43268387415411785
-1.7113837808913166,1.4753367497316106,-0.36523741980688984,0.9876937170722212,0.8309610220845836,0.1995554551019978,0.17069897828525085
0.9517179349245372,0.22739291026079153,-0.631677813243136,0.6477891461097112,0.9188982926032595,0.5818464683773201,0.64163193628671
1.246434524807648,1.2292633165965194,3.51277737307651,-1.051733708702839,-1.4586350671893868,-3.1823500275164323,-1.4113414275008995
0.9517179349245372,0.01647282471642756,0.5547381979063882,-0.37192456677781893,-0.13876924546530142,-1.2069623343502855,-1.168516621031397
-0.23425002918647692,1.5017017604246559,-0.5383791009759981,-1.051733708702839,0.35981087545460444,0.02341454454954363,0.2516405804417517
0.6534505427521411,-1.002974255414664,-0.7880707069294405,1.6675028589972412,0.4275790472301729,0.6353411152854037,1.4804812677268084
-0.8236832089526988,-0.4141556832699817,-0.46934929154344895,0.30788457514720113,-0.3130302586024366,0.2615309606671794,0.09711570359752293
-1.7113837808913166,0.23618124715847316,1.099299123096663,-0.032019995815308906,-0.6413831861341728,-1.494006781177812,-1.0434250540622598
1.246434524807648,-0.3965790094746181,0.06421808165282117,-0.032019995815308906,1.817633332578862,0.045595251804928905,-0.2708006698411167
1.541151114690759,1.5807967925037927,-0.40035192738027303,-0.711829137740329,1.0786375546453228,0.8369246018072977,0.921248380100076
0.35873395286903015,-1.556639479968619,-0.6273978141759161,0.6477891461097112,0.6784826355896261,0.7318924292191923,2.363480563979543
-1.4166671910082058,-0.0011038490789360268,-0.5815034650136419,-1.051733708702839,0.5171298456479192,-0.1416360123766085,-0.04269251830916004
0.9517179349245372,-0.07141054426039069,-0.5677917292664022,1.3275982880347312,-0.12344073042083784,0.7273258130191452,0.31786552766070675
-1.7113837808913166,-1.4248144265033915,-0.8412787433751309,0.9876937170722212,-0.10569192352733893,0.49964737678481513,0.715215210974438
0.9517179349245372,-1.1611643195729369,0.9455862879888727,-0.37192456677781893,-0.4751898124941086,-1.4255075381845213,-0.6387170432797561
0.9517179349245372,-0.6338641057120273,-0.6383651085069316,0.9876937170722212,0.5042216224524909,0.7860394498702723,1.0021899822565767
-0.8236832089526988,-0.2647539560093908,0.21914701939995437,-1.051733708702839,-1.3706977966709974,0.9824039464491228,-0.9845584343120773
-0.23425002918647692,-0.6690174533027546,-0.6383651085069316,0.9876937170722212,0.5042216224524909,0.7860394498702723,0.7299318659119832
-0.5289666190695879,1.9235419315133837,-0.4784986988501209,-0.032019995815308906,0.36303793125360484,0.3580822746000409,0.060324066253658964
-0.23425002918647692,1.0183432310521556,0.3204722470716181,-0.711829137740329,0.5155163177485623,-1.0503926360812315,-0.8079585750615305
-1.7113837808913166,-1.2842010361404823,-0.5553164835282586,0.30788457514720113,0.9535891424405788,0.6881833884523452,1.3406730458201255
0.35873395286903015,-0.6426524426097091,-0.6405256937310119,0.30788457514720113,-1.056866620234333,0.3763487393983753,-0.32230896212252597
1.246434524807648,0.13072120438629134,-0.4175902021250338,-0.032019995815308906,0.4162843519343882,0.30067338523490644,0.6637069186930282
-0.23425002918647692,-0.9326675602332094,-0.5018639731677654,0.30788457514720113,0.5324583606923827,0.8858526325162612,1.4068979930390804
1.246434524807648,0.7195397765309736,2.725564703835224,-1.391638279665349,-1.6756545696609124,-2.4458200719081398,-1.168516621031397
-1.4166671910082058,1.0447082417452014,-0.24947341263785086,0.9876937170722212,1.111714876583572,0.046899999289994464,-0.9551251244369863
-1.4166671910082058,1.7741402042527925,-0.4722515962507554,-1.051733708702839,0.35981087545460444,0.07495207023049244,-0.27815899730988913
0.35873395286903015,-0.10656389185111786,-0.6030779825810886,0.6477891461097112,0.7567387387115875,0.616422276745,0.8329484504748023
-1.4166671910082058,-0.2032355977256179,-0.6969138266793415,0.9876937170722212,1.2230483016432094,0.5916320745194836,1.2597314436636247
1.246434524807648,-0.33506065119084527,2.376304468199944,-1.391638279665349,3.67561070875853,-0.9916789992301044,-0.785883592655212
-0.8236832089526988,-0.2647539560093908,0.6751815427392845,-0.711829137740329,-0.41710280811496797,-1.22522879914862,-1.1096500012812152
0.06401736298591922,-0.5020390522468,0.21914701939995437,-1.051733708702839,-1.3706977966709974,0.9824039464491228,-0.9330501420306678
-1.7113837808913166,-1.2842010361404823,-0.40134099246229066,0.6477891461097112,0.24040981089789612,0.9041190973145956,0.715215210974438
0.06401736298591922,-0.1329289025441634,-0.6303115421565472,0.30788457514720113,1.048787288506074,0.6601313175118472,0.6048402989428461
-0.5289666190695879,-0.3614256618838908,2.378364623812713,-1.391638279665349,-2.216993179915782,-1.927835320132229,-1.6247329240953106
1.246434524807648,-0.08019888115807232,2.366125855698045,-1.391638279665349,-2.1024326990568576,-1.9532778961025958,-1.4554913923135362
0.9517179349245372,1.6159501400945198,-0.44774788168671736,0.30788457514720113,-0.48245068804150115,0.27523080926639376,-0.24136735996602515
-1.4166671910082058,1.4665484128339286,-0.45304272752922203,0.6477891461097112,1.4884736410974475,0.6294697516012181,-0.285517324778662
1.541151114690759,-1.3193543837312096,-0.4366304189084561,-0.032019995815308906,0.43726021462688747,0.9321711682550936,1.1714315140383509
-0.23425002918647692,1.659891824582929,-0.4720559726950724,1.3275982880347312,0.09035171625197397,0.7553778839587161,0.023532428909794997
0.9517179349245372,0.35042962682833695,-0.49177460498871395,1.6675028589972412,0.1024531754977238,0.7318924292191923,0.2957905452543886
1.541151114690759,1.598373466299156,-0.3515405977776017,-0.37192456677781893,0.5324583606923827,0.24717873832589576,1.7306644016650832
0.9517179349245372,0.5701380492703826,2.79383383432396,-1.391638279665349,-1.7902150505198366,-2.4516914355923256,-1.8086911108146304
-1.7113837808913166,1.0271315679498374,2.718162581377488,-1.051733708702839,-1.5957849386398808,-2.4751768903337035,-1.823407765752176
0.9517179349245372,0.35042962682833695,-0.45323184616537293,-0.032019995815308906,0.4009558368899246,0.33003020366047,0.4576737495673902
-0.23425002918647692,1.1941099690057921,0.5350854080909367,-1.051733708702839,-1.2109585346286476,1.2694483932766492,-1.2715332055942166
1.541151114690759,1.264416664187247,0.28137212770398323,-0.37192456677781893,0.4162843519343882,-1.0347356662548823,-0.8079585750615305
-0.23425002918647692,-0.38779067257693617,-0.46934929154344895,0.30788457514720113,-0.3130302586024366,0.2615309606671794,0.06768239372243186
-0.23425002918647692,-0.14171723944184503,-0.6303115421565472,0.30788457514720113,1.048787288506074,0.6601313175118472,1.0095483097253497
-1.1219506011250948,1.2292633165965194,0.06088153390260776,-1.391638279665349,-1.5610940888025613,-0.21339712408395364,-1.786616128408312
0.9517179349245372,1.3962417176524742,-0.5653220810362632,1.3275982880347312,0.2831683002322865,0.47159530584524423,0.2884322177856157
-0.8236832089526988,-1.249047688549755,-0.8150278946859031,0.9876937170722212,-0.9350452638283029,0.24456924335576466,1.1419982041632597
1.246434524807648,1.106226600028974,2.718162581377488,-1.051733708702839,-1.5957849386398808,-2.4751768903337035,-1.1317249836875332
-0.23425002918647692,-0.38779067257693617,-0.5932427029052215,0.30788457514720113,-0.9092288174374463,0.06647121157339446,0.3252238551294796
0.9517179349245372,-0.5899224212236182,0.6721654812684544,-0.711829137740329,-0.43404485105878843,-1.216747940492449,-1.2273832407815797
1.246434524807648,-1.090857624391482,-0.6538435645334153,0.6477891461097112,0.5502071675861683,0.7697301063009268,1.8557559686342209
-0.8236832089526988,-0.04504553356734515,0.8662580010128034,-0.37192456677781893,-0.484064215940858,-1.3583130426790775,-0.7564502827801209
1.541151114690759,-1.3281427206288914,-0.4366304189084561,-0.032019995815308906,0.43726021462688747,0.9321711682550936,1.2523731161948517
0.6534505427521411,-0.018680522874299613,-0.0699122485017783,-1.391638279665349,-0.48245068804150115,1.0300272296730206,-0.9330501420306678
0.9517179349245372,1.9674836160017928,-0.7616648269689754,1.3275982880347312,0.5905453650715233,0.6477362163976984,0.4650320770361626
-0.5289666190695879,-1.4687561109918006,-0.706260682092297,0.6477891461097112,-0.2678514774187243,0.4911665181286442,0.9359650350376217
1.246434524807648,-0.8096308436656638,-0.7766838928855806,0.30788457514720113,-0.1847547905989788,0.4768142957873606,1.3848230106327617
0.9517179349245372,1.1150149369266555,-0.4915677961445674,0.6477891461097112,0.8559707045257616,0.30589237517702283,-0.13099244793443324
-1.1219506011250948,-0.4580973677583908,-0.41401527287245726,0.30788457514720113,1.4868601131983774,0.6881833884523452,0.2957905452543886
1.541151114690759,-0.9766092447216185,-0.7880707069294405,1.6675028589972412,0.4275790472301729,0.6353411152854037,1.5467062149457633
-0.23425002918647692,1.5632201187084287,-0.3515405977776017,-0.37192456677781893,0.5324583606923827,0.24717873832589576,0.20749061562911483
1.541151114690759,1.299570011777974,-0.5230443084772279,1.3275982880347312,0.5518206954855251,0.3763487393983753,-0.12363412046566087
0.06401736298591922,-0.34384898808852704,2.378364623812713,-1.391638279665349,-2.216993179915782,-1.927835320132229,-1.323041497875626
-0.8236832089526988,-0.9590325709262548,-0.5587314869542914,2.007407429959751,1.1617342414653549,0.2778403042365249,1.2082231513822148
1.246434524807648,-0.4756740415537544,0.21914701939995437,-1.051733708702839,-1.3706977966709974,0.9824039464491228,-0.6240003883422106
1.541151114690759,1.598373466299156,-0.37084807155984634,-0.37192456677781893,0.6615405926458056,0.2811021729505794,-0.0868424831217969
-1.1219506011250948,0.24496958405615513,0.8735966608409593,-0.37192456677781893,-0.46873570089639444,-1.3694033963063066,-0.9109751596243494
-0.8236832089526988,1.8005052149458383,-0.42158906174321054,-0.711829137740329,0.5606950989322746,0.02928590823465634,-0.6019254059358922
-0.5289666190695879,0.02526116161410951,0.2625380058101251,-1.051733708702839,-1.3884466035644965,1.0117607648746862,-0.8447502124053944
1.246434524807648,-0.5196157260421636,-0.4366304189084561,-0.032019995815308906,0.43726021462688747,0.9321711682550936,0.17069897828525085
-0.5289666190695879,1.150168284517383,-0.5601291720425228,0.6477891461097112,-0.38402548617671883,0.4096198002800626,-0.0868424831217969
-0.23425002918647692,-0.3965790094746181,-0.7400940378310166,0.9876937170722212,-0.1436098291636587,0.5975034382036692,0.744648520849529
-0.8236832089526988,0.6668097551448827,1.2878997455336587,-0.37192456677781893,-0.6833349115188847,-1.6342671358775207,-1.4922830296574003
-0.23425002918647692,-0.22960060841866342,-0.5557780948301723,0.9876937170722212,-0.13554218966658768,0.735806671674389,0.42088211222352623
-1.4166671910082058,-1.556639479968619,-0.59093052132473,1.6675028589972412,-0.04034404360109238,0.7025356107936288,0.9433233625063941
-1.1219506011250948,-1.398449415810346,0.2950316654383925,-1.051733708702839,-1.438465968446566,1.0202416235308571,-0.8079585750615305
1.541151114690759,-0.07141054426039069,2.366125855698045,-1.391638279665349,-2.1024326990568576,-1.9532778961025958,-1.4481330648447635
-0.8236832089526988,-0.7744774960749364,0.2558688767240468,-1.391638279665349,1.3472899498985615,-0.37714293352318606,0.7372901933807562
1.246434524807648,0.46467800649820074,2.272009189463897,-1.391638279665349,-1.7103454194985184,-2.0178628966379084,-0.9330501420306678
-1.1219506011250948,-1.556639479968619,-0.6424570202057313,-1.051733708702839,0.4654969528664927,-0.1807784369443356,0.5459736791926634
0.35873395286903015,-0.7569008222795729,0.2523673261369231,-1.391638279665349,1.3440628940995611,-0.37583818603719343,0.3840904748796623
-0.8236832089526988,0.2537579209538371,1.099299123096663,-0.032019995815308906,-0.6413831861341728,-1.494006781177812,-1.1905916034377155
-0.8236832089526988,1.246839990391883,0.049535209016420466,-1.391638279665349,-1.5998187583882728,-0.16968808331525234,-1.6100162691577649
-0.8236832089526988,2.0377903111832474,-0.7268746134327504,0.30788457514720113,-0.22025240438597662,0.45006697233378234,0.22220727056666062
-0.8236832089526988,-0.8535725281540729,-0.7766838928855806,0.30788457514720113,-0.1847547905989788,0.4768142957873606,1.016906637194122
0.9517179349245372,-0.9941859185169821,-0.7880707069294405,1.6675028589972412,0.4275790472301729,0.6353411152854037,1.5834978522896275
-0.23425002918647692,0.9392481989730191,-0.37002147080955566,-0.37192456677781893,0.6800961634892696,-0.024208738675281432,-0.24872568743479803
0.9517179349245372,-0.1153522287487998,-0.6303115421565472,0.30788457514720113,1.048787288506074,0.6601313175118472,0.95804001744394
0.9517179349245372,-0.9941859185169821,-0.7880707069294405,1.6675028589972412,0.4275790472301729,0.6353411152854037,1.782172693946493
1.246434524807648,-0.018680522874299613,-0.09450861850500444,-0.032019995815308906,1.5885123708615867,0.048857120518983416,0.016174101441022624
-1.1219506011250948,-0.44052069396302723,-0.7248676077722559,-1.051733708702839,0.37755968234839,-0.22970646765329913,-0.3738172544039357
-0.23425002918647692,-1.4599677740941186,-0.706260682092297,0.6477891461097112,-0.2678514774187243,0.4911665181286442,1.2082231513822148
-1.4166671910082058,-1.556639479968619,-0.69451533592262,0.6477891461097112,-1.0366975214915124,0.3313349511455356,0.5680486615989822
-1.7113837808913166,1.317146685573338,-0.5485073400156677,0.6477891461097112,-0.4074216407185401,0.5961986907186038,-0.5504171136544826
-1.1219506011250948,-1.556639479968619,-0.6273978141759161,0.6477891461097112,0.6784826355896261,0.7318924292191923,2.4297055111984984
-0.23425002918647692,-0.04504553356734515,-0.7094864875538918,1.3275982880347312,0.6486323694506639,0.6340363678003381,0.6710652461618011
0.6534505427521411,-0.48446237845143636,0.21914701939995437,-1.051733708702839,-1.3706977966709974,0.9824039464491228,-0.8373918849366215
0.9517179349245372,1.202898305903474,-0.389807373490553,-0.711829137740329,0.2880088839306438,0.1467131819369105,-0.285517324778662
1.541151114690759,-1.205106004061346,0.843648645941754,-0.37192456677781893,-0.4872912717398584,-1.3387418303947505,-0.7049419904987114
-0.23425002918647692,-0.8447841912563911,-0.7766838928855806,0.30788457514720113,-0.1847547905989788,0.4768142957873606,1.0021899822565767
1.541151114690759,1.3698767069594284,-0.7038548931331736,0.9876937170722212,0.6437917857523067,0.5792369734053349,0.10447403106629582
0.9517179349245372,-0.6865941270981183,0.8079913742288806,-0.37192456677781893,-0.6930160789155992,-1.222619304178489,-1.0949333463436692
0.6534505427521411,-0.2559656191117088,-0.5478610524616736,0.6477891461097112,-0.5897502933527463,0.3104589913761429,-2.235474104003452
-1.7113837808913166,1.1325916107220195,-0.7457234903879864,1.3275982880347312,1.0100626189200759,0.5257423264972513,1.127281549225714
-0.23425002918647692,0.2537579209538371,-0.2744517483428668,-0.711829137740329,0.9592364900886146,0.9152094509418247,0.6195569538803913
-0.5289666190695879,1.1589566214150648,4.214233784248054,-1.051733708702839,-2.0395051109796465,-3.5574649296206493,-1.896991040439904
-0.5289666190695879,-0.3614256618838908,2.4698571103136926,-1.391638279665349,-2.4348194463372725,-1.9265305726471633,-1.8381244206897214
1.246434524807648,0.6668097551448827,0.39651158326965985,-0.37192456677781893,-0.22670651598369077,-1.0614829897093876,-0.5430587861857098
1.246434524807648,-0.09777555495343591,-0.6303115421565472,0.30788457514720113,1.048787288506074,0.6601313175118472,1.5908561797584002
0.06401736298591922,-0.38779067257693617,-0.46934929154344895,0.30788457514720113,-0.3130302586024366,0.2615309606671794,-0.4915504939043003
1.246434524807648,-0.3614256618838908,-0.46934929154344895,0.30788457514720113,-0.3130302586024366,0.2615309606671794,0.7372901933807562
0.35873395286903015,1.211686642801156,-0.5306571268651735,-0.032019995815308906,1.0455602327073603,0.735806671674389,-0.4032505642790268
0.9517179349245372,-1.556639479968619,-0.7127298245669085,-1.391638279665349,0.16699429147429193,-0.10836495149399414,0.5533320066614363
-0.8236832089526988,-0.6865941270981183,-0.6383651085069316,0.9876937170722212,0.5042216224524909,0.7860394498702723,1.4289729754453986
0.06401736298591922,-1.4599677740941186,-0.706260682092297,0.6477891461097112,-0.2678514774187243,0.4911665181286442,0.781440158193393
-0.23425002918647692,1.8356585625365656,-0.22148139531061412,-0.032019995815308906,0.7543184468622656,0.09191378754190717,1.8336809862279022
0.35873395286903015,-1.2226826778567095,-0.5553164835282586,0.30788457514720113,0.9535891424405788,0.6881833884523452,1.2523731161948517
-0.23425002918647692,2.0729436587739745,-0.7606745719626531,0.6477891461097112,-0.1847547905989788,0.4585478309890262,1.671797781914901
0.9517179349245372,1.8268702256388836,-0.6878181246229524,0.9876937170722212,0.9543959063902573,0.5387898013525422,0.22220727056666062
0.35873395286903015,1.0447082417452014,-0.4350035543991509,1.3275982880347312,0.9592364900886146,0.20673156627310313,-0.035334190840387136
1.246434524807648,-1.205106004061346,0.843648645941754,-0.37192456677781893,-0.4872912717398584,-1.3387418303947505,-0.5357004587169372
0.06401736298591922,0.7810581348147465,-0.4768642188252659,0.30788457514720113,0.4275790472301729,0.3437300522587573,-0.035334190840387136
-1.1219506011250948,0.02526116161410951,-0.5636211239069223,1.3275982880347312,1.4174784135231653,0.4865999019295242,0.11183235853506873
-1.7113837808913166,1.3786650438571104,-0.7115089622303467,0.6477891461097112,-0.24122826707847592,0.570756114750091,0.31050720019193434
-0.8236832089526988,0.10435619369324581,-0.05921911273055205,-1.391638279665349,-0.44049896265650257,1.0535126844143987,-1.2641748781254436
-1.4166671910082058,-0.5547690736328909,-0.5499967286036433,0.30788457514720113,0.8341880778835838,0.5929368220045492,0.6489902637554824
1.246434524807648,-0.3614256618838908,-0.6067145499126456,0.6477891461097112,-0.32916553759657863,0.6138127817730148,0.6931402285681193
0.06401736298591922,-0.6778057902004364,-0.11218549934845591,-1.391638279665349,0.7583522666109443,-0.6067784909846509,0.40616545728598047
-1.7113837808913166,-0.4229440201676635,-0.46934929154344895,0.30788457514720113,-0.3130302586024366,0.2615309606671794,0.3325821825982525
0.35873395286903015,-0.1329289025441634,-0.6303115421565472,0.30788457514720113,1.048787288506074,0.6601313175118472,0.987473327319031
0.6534505427521411,-1.1084342981868458,0.3775560890967281,-0.37192456677781893,0.250090978294324,-1.1149776366183983,-0.6681503531548475
0.9517179349245372,0.1834512257723824,-0.3516453111164102,0.30788457514720113,0.09196524415133085,0.8551910666056322,-0.035334190840387136
1.246434524807648,-0.3614256618838908,-0.46934929154344895,0.30788457514720113,-0.3130302586024366,0.2615309606671794,0.1559823233477056
-0.23425002918647692,-0.5108273891444818,0.21914701939995437,-1.051733708702839,-1.3706977966709974,0.9824039464491228,-0.7049419904987114
-0.8236832089526988,-1.3720844051173007,-0.5018639731677654,0.30788457514720113,0.5324583606923827,0.8858526325162612,0.5533320066614363
-1.4166671910082058,-1.556639479968619,-0.7127298245669085,-1.391638279665349,0.16699429147429193,-0.10836495149399414,1.0463399470692136
-1.4166671910082058,-1.2754126992428005,-0.4712128716610907,1.3275982880347312,0.09196524415133085,0.7553778839587161,0.3840904748796623
1.246434524807648,-0.1153522287487998,2.1392493347950956,-1.391638279665349,-2.912423704564966,-1.3915841035598377,0.5238986967863453
-1.7113837808913166,1.5104900973223376,-0.7174703243400243,1.3275982880347312,0.35981087545460444,0.5929368220045492,0.12654901347261452
0.35873395286903015,1.589585129401474,-0.724389892828086,0.9876937170722212,-0.14845041286201593,0.6085937918308983,0.7740818307246201
1.246434524807648,-1.1260109719822096,-0.5522149854923551,1.6675028589972412,0.9802123527808272,0.29480202154979374,0.4944653869112542
0.6534505427521411,-0.5020390522468,0.21914701939995437,-1.051733708702839,-1.3706977966709974,0.9824039464491228,-0.6681503531548475
0.35873395286903015,-0.9853975816193004,-0.5614180187210229,0.6477891461097112,-1.198050311433506,0.2458739908408302,0.21484894309788774
1.246434524807648,-0.07141054426039069,2.366125855698045,-1.391638279665349,-2.1024326990568576,-1.9532778961025958,-1.2715332055942166
0.06401736298591922,-0.34384898808852704,2.378364623812713,-1.391638279665349,-2.216993179915782,-1.927835320132229,-1.6468079065016288
1.541151114690759,1.141379947619701,0.14346069407895645,-1.391638279665349,-1.6296690245278083,-0.24927767993669914,-1.4481330648447635
0.35873395286903015,-0.14171723944184503,-0.21256354727362528,-0.032019995815308906,0.7930431164485504,0.08343292888573627,-0.1751424127470701
-0.5289666190695879,-0.5371923998375273,-0.5499967286036433,0.30788457514720113,0.8341880778835838,0.5929368220045492,0.10447403106629582
-1.7113837808913166,-0.1944472608279361,-0.21256354727362528,-0.032019995815308906,0.7930431164485504,0.08343292888573627,-0.04269251830916004
-0.8236832089526988,-1.249047688549755,-0.8204326895341567,1.3275982880347312,-0.8608229804550203,0.27392606178132817,1.4584062853204898
0.9517179349245372,0.13072120438629134,-0.37084807155984634,-0.37192456677781893,0.6615405926458056,0.2811021729505794,0.11919068600384163
-1.4166671910082058,-0.150505576339527,2.366125855698045,-1.391638279665349,-2.1024326990568576,-1.9532778961025958,-1.9411410052525404
1.246434524807648,-0.8096308436656638,-0.7766838928855806,0.30788457514720113,-0.1847547905989788,0.4768142957873606,1.2891647535387156
-1.1219506011250948,-1.556639479968619,-0.7127298245669085,-1.391638279665349,0.16699429147429193,-0.10836495149399414,1.2670897711323974
-0.8236832089526988,-0.35263732498620903,0.1211170887692766,-1.051733708702839,0.638144438104271,1.3405571312419249,-0.5430587861857098
0.9517179349245372,-1.556639479968619,-0.6273978141759161,0.6477891461097112,0.6784826355896261,0.7318924292191923,2.621022025386591
0.9517179349245372,0.9216715251776555,-0.5979768564153795,1.3275982880347312,0.40740994848735207,0.4402813661925459,0.39880712981720756
-0.23425002918647692,0.8689415037915648,-0.4511982655287414,0.30788457514720113,-0.4872912717398584,0.6418648527135128,-0.04269251830916004
0.9517179349245372,-0.8184191805633456,0.6970912223192051,-1.051733708702839,-1.157712113947864,1.399270768092125,-1.0655000364685783
0.6534505427521411,0.5525613754750189,2.7319085869447006,-1.391638279665349,-1.7442295053861594,-2.4190727484536345,-1.7351078361269026
-0.23425002918647692,-1.2402593516520732,-0.5553164835282586,0.30788457514720113,0.9535891424405788,0.6881833884523452,1.5319895600082176
1.541151114690759,-0.9766092447216185,-0.7880707069294405,1.6675028589972412,0.4275790472301729,0.6353411152854037,1.4804812677268084
-0.23425002918647692,2.0729436587739745,-0.5410228747960495,-0.032019995815308906,1.148019254320535,0.7331971767042579,-0.21193405009093408
0.9517179349245372,-1.1787409933683004,-0.5170992086663804,0.9876937170722212,0.925352404200687,0.2882782841216847,0.5312570242551181
-0.23425002918647692,1.097438263131292,-0.48526000740566516,-0.37192456677781893,0.08228407675490296,0.27523080926639376,-0.10891746552811507
-1.1219506011250948,-0.33506065119084527,2.768472580977711,-1.391638279665349,-1.6425772477229499,-2.498009971331158,-1.3819081176258083
-0.23425002918647692,1.3435116962663831,-0.7161829848989767,1.6675028589972412,0.6405647299535929,0.6040271756317783,0.2957905452543886
1.246434524807648,-0.40536734637229993,0.04803352454396363,-0.032019995815308906,1.8337686115730043,0.07821393894454695,-0.09420081059056927
-0.23425002918647692,-0.32627231429316345,-0.5116947311312747,-1.051733708702839,0.47598488421288565,-0.3954093983215205,0.3399405100670254
-1.7113837808913166,0.8074231455077918,2.6697017241466767,-1.391638279665349,-1.6175675652820585,-2.4236393646527548,-1.6541662339704017
0.06401736298591922,-0.5371923998375273,-0.6996689774143073,1.3275982880347312,1.279521778122993,0.512042477898964,1.3185980634138068
1.246434524807648,-0.3702139987815726,0.843648645941754,-0.37192456677781893,-0.4872912717398584,-1.3387418303947505,-1.0581417089998053
1.246434524807648,-0.06262220736270874,2.378364623812713,-1.391638279665349,-2.216993179915782,-1.927835320132229,-1.4113414275008995
-1.4166671910082058,-0.3174839773954817,1.2149756311651674,-1.391638279665349,-1.1359294873056864,1.8513657718439493,-1.1905916034377155
-1.4166671910082058,1.202898305903474,0.2882792416509897,-0.37192456677781893,0.3081779826734646,-1.0477831411101732,-1.212666585844034
0.06401736298591922,0.2801229316468823,0.8735966608409593,-0.37192456677781893,-0.46873570089639444,-1.3694033963063066,-0.9036168321555768
-0.5289666190695879,-0.7744774960749364,1.5820363411150076,-1.391638279665349,-1.1609391697468645,2.1468910773276466,-1.17587494850017
-0.8236832089526988,1.5017017604246559,-0.7090731078504595,1.3275982880347312,0.6486323694506639,0.6366458627713963,0.4650320770361626
-0.8236832089526988,-0.12414056564648145,2.366125855698045,-1.391638279665349,-2.1024326990568576,-1.9532778961025958,-1.286249860531762
1.246434524807648,1.545643444913065,-0.37071075429509076,1.3275982880347312,0.840642189481298,0.1995554551019978,0.31786552766070675
0.06401736298591922,-0.3965790094746181,-0.26480995035893445,-0.711829137740329,0.37755968234839,1.0535126844143987,-0.013259208434068968
0.06401736298591922,2.29265208121602,-0.814143225629546,0.9876937170722212,-0.12344073042083784,0.47811904327242616,0.3472988375357983
0.9517179349245372,-0.7041708008934819,-0.5254758791296185,0.30788457514720113,1.0834781383436802,0.744287530331487,0.8329484504748023
1.246434524807648,-0.22081227152098165,2.1323517402425267,-1.391638279665349,-2.8559502280854687,-1.4209409219854012,-0.6387170432797561
0.6534505427521411,-0.22081227152098165,-0.4940439492942384,0.30788457514720113,-1.19240296378547,0.4265815175933315,-0.24872568743479803
-0.5289666190695879,0.44710133270283714,-0.29825769129466334,-0.711829137740329,0.965690601686042,0.89824773363041,-0.10155913805934218
0.35873395286903015,1.4665484128339286,-0.7592963223047309,1.3275982880347312,-0.017754653008949593,0.4911665181286442,0.752006848318302
-0.23425002918647692,1.4313950652432015,-0.7348024444482779,0.9876937170722212,-0.22186593228562013,0.5609705086079275,0.08239904865997766
0.9517179349245372,0.0428378354094731,-0.5015481672573135,1.3275982880347312,0.033878239772190254,0.7527683889876579,-0.46947551149798183
0.9517179349245372,-0.027468859771981564,-0.0699122485017783,-1.391638279665349,-0.48245068804150115,1.0300272296730206,-0.9183334870931223
0.9517179349245372,-0.40536734637229993,-0.41401527287245726,0.30788457514720113,1.4868601131983774,0.6881833884523452,0.5827653165365274
-0.8236832089526988,1.8092935518435196,-0.34998623932259265,-0.37192456677781893,0.529231304893669,0.2458739908408302,-0.47683383896675474
-1.7113837808913166,-0.18565892393025432,-0.6303115421565472,0.30788457514720113,1.048787288506074,0.6601313175118472,0.5974819714740732
-0.5289666190695879,0.02526116161410951,0.2625380058101251,-1.051733708702839,-1.3884466035644965,1.0117607648746862,-0.8373918849366215
-0.23425002918647692,-0.4317323570653453,0.2902116787217269,-0.37192456677781893,0.3114050384721784,-1.0490878885961659,-1.220024913312807
0.35873395286903015,0.3943713113167461,-0.5587314869542914,2.007407429959751,1.1617342414653549,0.2778403042365249,0.44295709462984445
-0.23425002918647692,1.8268702256388836,-0.33224438861210775,-0.37192456677781893,0.48405252370995666,0.23217414224161584,-0.27815899730988913
-1.4166671910082058,-0.5459807367352091,0.21914701939995437,-1.051733708702839,-1.3706977966709974,0.9824039464491228,-0.8668251948117128
-1.1219506011250948,1.5017017604246559,-0.7205041553471371,1.3275982880347312,0.3581973475555342,0.6098985393178181,0.21484894309788774
1.246434524807648,-1.099645961289164,-0.5499967286036433,0.30788457514720113,0.8341880778835838,0.5929368220045492,1.0463399470692136
-0.23425002918647692,-1.556639479968619,-0.6424570202057313,-1.051733708702839,0.4654969528664927,-0.1807784369443356,0.40616545728598047
0.6534505427521411,-0.009892185976617665,0.5725751632329573,-0.711829137740329,1.4271595809198798,-0.8122762199626686,-0.5062671488418458
-0.23425002918647692,-1.0117625923123459,-0.7880707069294405,1.6675028589972412,0.4275790472301729,0.6353411152854037,1.4731229402580355
1.541151114690759,0.03404949851179146,0.5547381979063882,-0.37192456677781893,-0.13876924546530142,-1.2069623343502855,-1.2568165506566709
0.6534505427521411,0.13072120438629134,-0.5554350793172877,1.3275982880347312,0.23960304694793105,0.744287530331487,0.744648520849529
0.35873395286903015,1.7653518673551105,-0.3910539381920949,-1.051733708702839,0.2016851413116113,0.14540843444999077,0.12654901347261452
-0.8236832089526988,0.904094851382292,-0.5642315550752032,0.6477891461097112,0.7543184468622656,0.5107377304120442,0.20749061562911483
0.9517179349245372,-0.3614256618838908,-0.46934929154344895,0.30788457514720113,-0.3130302586024366,0.2615309606671794,0.42824043969229864
-1.4166671910082058,1.0183432310521556,-0.4395648515719878,1.3275982880347312,0.9673041295856856,0.20803631375909576,0.1633406508164785
0.6534505427521411,1.7126218459690201,-0.711872682426132,1.6675028589972412,0.6454053136516635,0.6059842968598402,2.9668634164189123
0.6534505427521411,-0.7656891591772547,0.2523673261369231,-1.391638279665349,1.3440628940995611,-0.37583818603719343,0.0382490838473408
1.541151114690759,1.1325916107220195,-0.5178346612149356,2.007407429959751,0.9842461725295061,0.2654452031242302,0.7740818307246201
0.35873395286903015,-0.7569008222795729,0.2523673261369231,-1.391638279665349,1.3440628940995611,-0.37583818603719343,0.31786552766070675
0.6534505427521411,1.4753367497316106,-0.6020571068559936,0.6477891461097112,0.7349561120694098,0.5440087912955857,0.5901236440053003
0.35873395286903015,-1.4599677740941186,-0.706260682092297,0.6477891461097112,-0.2678514774187243,0.4911665181286442,0.810873468068484
-0.5289666190695879,-0.10656389185111786,2.378364623812713,-1.391638279665349,-2.216993179915782,-1.927835320132229,-1.852841075627267
-0.8236832089526988,1.290781674880292,-0.6495596783801337,1.3275982880347312,0.9326132797480796,0.42397202262227335,0.1633406508164785
0.9517179349245372,-0.5108273891444818,1.6559330202818259,-1.391638279665349,2.591319960349721,-1.0177739489416133,0.6342736088179372
1.541151114690759,1.1677449583127466,0.05753388019221761,-1.391638279665349,-1.6240216768797726,-0.15729298220295768,-1.3966247725633538
1.246434524807648,-1.205106004061346,0.843648645941754,-0.37192456677781893,-0.4872912717398584,-1.3387418303947505,-0.3370256170600718
-1.1219506011250948,-0.1329289025441634,2.3725903178037244,-1.391638279665349,-2.1524520639389273,-1.9434922899604323,-1.7130328537205841
-0.8236832089526988,0.8249998193031557,2.6407429329860626,-1.051733708702839,-1.5094611960208482,-2.4458200719081398,-1.5143580120637188
0.6534505427521411,1.9323302684110657,-0.59537290539539,1.6675028589972412,0.8979224299107602,0.38874384051067,-0.4106088917477997
0.35873395286903015,-0.8535725281540729,0.8985723787125053,-0.032019995815308906,-0.7228663450545614,-1.2885090521988671,-1.036066726593487
-1.4166671910082058,-0.4229440201676635,-0.6610066708624935,0.9876937170722212,-0.23961473917911905,0.6268602566292328,0.09711570359752293
0.06401736298591922,-1.2402593516520732,-0.5632679543733049,2.007407429959751,1.144792198521821,0.27979742546551384,1.7600977115401744
0.06401736298591922,-0.4141556832699817,-0.2784683774973261,-1.391638279665349,0.6171685754117717,-0.5337126317922403,0.07504072119120477
-0.23425002918647692,-0.4317323570653453,-0.2784683774973261,-1.391638279665349,0.6171685754117717,-0.5337126317922403,0.19277396069156955
1.246434524807648,0.03404949851179146,-0.19527640630408727,-1.391638279665349,-0.45905453349996655,0.9334759157401592,-0.609283733404665
-0.23425002918647692,-0.5899224212236182,0.4987736780105108,-0.711829137740329,-0.3961269454224687,-1.0869255656779002,-0.6755086806236201
1.246434524807648,-0.35263732498620903,-0.6610066708624935,0.9876937170722212,-0.23961473917911905,0.6268602566292328,0.2516405804417517
-1.1219506011250948,-1.3808727420149824,0.7881299510186818,-0.37192456677781893,-0.44049896265650257,-1.309385011970114,-0.3370256170600718
0.9517179349245372,1.3259350224710194,-0.6978629896330103,1.3275982880347312,1.075410498846609,0.38287247682648434,0.752006848318302
-0.23425002918647692,-1.1347993088798913,0.3775560890967281,-0.37192456677781893,0.250090978294324,-1.1149776366183983,-1.1979499309064885
0.9517179349245372,-0.8975142126424821,-0.3524285192937248,0.30788457514720113,0.28639535603100025,0.9641374816507883,0.20749061562911483
0.9517179349245372,-0.1153522287487998,-0.5505889142659197,0.6477891461097112,-0.3961269454224687,0.6112032868028836,0.19277396069156955
0.6534505427521411,0.35042962682833695,-0.02286137224367993,-1.391638279665349,-0.5582864993141406,1.0385080883301188,-1.0949333463436692
-0.5289666190695879,0.11314453059092776,-0.05921911273055205,-1.391638279665349,-0.44049896265650257,1.0535126844143987,-1.1537999660938516
-1.1219506011250948,0.02526116161410951,4.142735199196523,-1.051733708702839,-0.9358520277779813,-3.796886093224278,-1.6909578713142657
0.06401736298591922,1.8883885839226566,-0.5229102436722385,0.9876937170722212,0.4243519914314592,0.37895823436943354,-0.5872087509983467
-0.8236832089526988,1.2292633165965194,0.059947046682029576,-1.391638279665349,-1.5675482003999888,-0.20752576039791384,-1.779257800939539
-1.1219506011250948,-1.0381276030053912,-0.7880707069294405,1.6675028589972412,0.4275790472301729,0.6353411152854037,1.0831315844130776
-1.7113837808913166,1.1150149369266555,0.5169898325488256,-0.711829137740329,-0.35417522003775675,-1.1175871315885295,-0.8889001772180313
-1.7113837808913166,-1.4599677740941186,-0.598064672829062,0.30788457514720113,1.0899322499413944,0.6907928834224762,1.016906637194122
0.9517179349245372,1.211686642801156,3.51277737307651,-1.051733708702839,-1.4586350671893868,-3.1823500275164323,-1.5143580120637188
-1.7113837808913166,-0.27354229290707255,-0.5907234744957225,-1.051733708702839,0.4969607469050983,-0.12076005260628879,-0.8447502124053944
0.35873395286903015,-0.0362571966696632,-0.5075045316849118,-1.051733708702839,0.4824389958105998,-0.3954093983215205,0.43559876716107154
0.9517179349245372,-1.556639479968619,-0.6273978141759161,0.6477891461097112,0.6784826355896261,0.7318924292191923,1.8631142961029934
-0.23425002918647692,-0.0011038490789360268,-0.19527640630408727,-1.391638279665349,-0.45905453349996655,0.9334759157401592,-0.6755086806236201
0.35873395286903015,-0.06262220736270874,0.31827406023951144,-0.032019995815308906,0.1371440253350432,-1.0673543533935732,-0.5357004587169372
0.06401736298591922,-0.1329289025441634,0.955211982330549,-0.37192456677781893,-0.821291546919057,-1.2898137996857868,-0.9992750892496232
-0.8236832089526988,-0.15929391323720876,-0.6303115421565472,0.30788457514720113,1.048787288506074,0.6601313175118472,1.1052065668193958
0.9517179349245372,-1.2138943409590277,0.843648645941754,-0.37192456677781893,-0.4872912717398584,-1.3387418303947505,-0.4621171840292092
0.06401736298591922,1.308358348675656,-0.46821830815603116,0.9876937170722212,0.05243381061565422,0.7736443487570506,0.19277396069156955
-1.1219506011250948,-0.17687058703257252,-0.21256354727362528,-0.032019995815308906,0.7930431164485504,0.08343292888573627,0.008815773972249726
0.35873395286903015,0.007684487818745923,0.5547381979063882,-0.37192456677781893,-0.13876924546530142,-1.2069623343502855,-1.0507833815310326
-1.1219506011250948,1.4929134235269745,-0.4768642188252659,0.30788457514720113,0.4275790472301729,0.3437300522587573,0.22956559803543353
0.9517179349245372,-0.04504553356734515,-0.5499967286036433,0.30788457514720113,0.8341880778835838,0.5929368220045492,0.1559823233477056
-0.5289666190695879,-0.009892185976617665,-0.19527640630408727,-1.391638279665349,-0.45905453349996655,0.9334759157401592,-1.1022916738124422
0.6534505427521411,-0.6074990950189818,-0.6594588173270164,-1.051733708702839,0.44936167387235065,-0.1892592955995794,5.851327784177848
-0.8236832089526988,-0.0011038490789360268,-0.5015481672573135,1.3275982880347312,0.033878239772190254,0.7527683889876579,-0.8447502124053944
-1.4166671910082058,-0.4141556832699817,-0.46934929154344895,0.30788457514720113,-0.3130302586024366,0.2615309606671794,0.18541563322279667
0.9517179349245372,-0.3965790094746181,-0.7248676077722559,-1.051733708702839,0.37755968234839,-0.22970646765329913,-0.6387170432797561
0.06401736298591922,0.8601531668938829,-0.5472607753141258,0.9876937170722212,0.32431326166760666,0.42919101256346265,0.22220727056666062
-1.7113837808913166,-1.4248144265033915,-0.8412787433751309,0.9876937170722212,-0.10569192352733893,0.49964737678481513,0.8623817603498939
-0.5289666190695879,0.12193286748860971,-0.4940439492942384,0.30788457514720113,-1.19240296378547,0.4265815175933315,-0.2928756522474349
0.9517179349245372,0.3064879423399278,0.8735966608409593,-0.37192456677781893,-0.46873570089639444,-1.3694033963063066,-0.7564502827801209
-1.4166671910082058,-1.556639479968619,-0.69451533592262,0.6477891461097112,-1.0366975214915124,0.3313349511455356,0.44295709462984445
0.9517179349245372,-1.3281427206288914,0.37313195053207254,-0.37192456677781893,0.09922611969872343,-1.1051920304762348,-0.5062671488418458
0.35873395286903015,-1.354507731321937,-0.7136019597539233,0.6477891461097112,-0.25978383792165327,0.48920939690150944,0.5459736791926634
0.6534505427521411,-1.143587645777573,-0.5522149854923551,1.6675028589972412,0.9802123527808272,0.29480202154979374,0.5018237143800266
-0.8236832089526988,-1.3808727420149824,0.2950316654383925,-1.051733708702839,-1.438465968446566,1.0202416235308571,-0.9109751596243494
0.9517179349245372,1.3874533807547924,0.7098178593987761,-0.711829137740329,1.4287731088192368,-0.9734125344336241,-1.0655000364685783
-0.8236832089526988,-0.23838894531634522,-0.5557780948301723,0.9876937170722212,-0.13554218966658768,0.735806671674389,-0.2634423423723438
0.06401736298591922,1.0886499262336105,-0.2900178621264591,-0.37192456677781893,0.48889310740802727,0.20086020258706336,1.27444809860117
-0.8236832089526988,-1.0381276030053912,-0.7880707069294405,1.6675028589972412,0.4275790472301729,0.6353411152854037,1.3480313732888978
-0.5289666190695879,0.13072120438629134,-0.4940439492942384,0.30788457514720113,-1.19240296378547,0.4265815175933315,-0.3738172544039357
1.541151114690759,-0.09777555495343591,-0.6030492657412032,0.6477891461097112,0.7567387387115875,0.6157699030020037,0.95804001744394
0.6534505427521411,-0.33506065119084527,-0.6303115421565472,0.30788457514720113,1.048787288506074,0.6601313175118472,0.4797487319737084
-0.23425002918647692,1.7565635304574292,-0.4708459783338264,-1.391638279665349,0.2533180340933244,0.08799954508578342,-0.0721258281842511
-1.1219506011250948,-1.2578360254474368,-0.8150278946859031,0.9876937170722212,-0.9350452638283029,0.24456924335576466,1.2082231513822148
-0.23425002918647692,-0.018680522874299613,-0.5459459882857843,0.30788457514720113,-0.9915187403078,0.041681009346950994,-0.9919167617808503
-1.7113837808913166,-0.44930903086070906,-0.5557780948301723,0.9876937170722212,-0.13554218966658768,0.735806671674389,0.3325821825982525
1.246434524807648,0.7634814610193826,-0.5936598903664287,0.6477891461097112,0.8527436487270479,0.5244375790112586,0.008815773972249726
0.06401736298591922,0.0428378354094731,0.8692034603082249,-0.37192456677781893,-0.4872912717398584,-1.359617790164143,-1.1905916034377155
-1.4166671910082058,-0.4580973677583908,0.04803352454396363,-0.032019995815308906,1.8337686115730043,0.07821393894454695,-0.285517324778662
-1.1219506011250948,1.5104900973223376,-0.4100088770670179,-0.032019995815308906,0.08067054885525946,0.8114820258387849,-0.6975836630299386
0.6534505427521411,-0.08898721805575427,2.378364623812713,-1.391638279665349,-2.216993179915782,-1.927835320132229,-1.5658663043451282
0.06401736298591922,1.361088370061747,-0.7632646405324217,2.007407429959751,1.02861818976354,0.47159530584524423,0.5974819714740732
-0.23425002918647692,-1.3369310575265734,-0.7358821024340222,-0.032019995815308906,-0.1670059837051933,0.42788626507839705,-0.079484155653024
-1.4166671910082058,1.7829285411504745,-0.49350197843761784,-1.391638279665349,0.26299920148975225,0.07103782777344161,-0.16778408527829722
1.246434524807648,-0.10656389185111786,0.955211982330549,-0.37192456677781893,-0.821291546919057,-1.2898137996857868,-1.0875750188748967
1.246434524807648,1.8092935518435196,-0.5110131424895763,-1.391638279665349,0.20813925290961205,0.056685605432158004,0.030890756378567898
0.9517179349245372,0.201027899567746,0.43011583891559235,-0.37192456677781893,-0.22670651598369077,-1.0882303131629658,-0.6313587158109835
-0.23425002918647692,-0.1329289025441634,-0.6303115421565472,0.30788457514720113,1.048787288506074,0.6601313175118472,1.2523731161948517
1.246434524807648,-0.29111896670243614,-0.7249854896067023,-1.051733708702839,0.37594615444874646,-0.23296833636735365,0.8991733976937578
-1.1219506011250948,-0.6514407795073909,1.5833960279537775,-1.391638279665349,-1.1641662255455782,2.1468910773276466,-0.9772001068433047
0.9517179349245372,-0.1153522287487998,-0.6303115421565472,0.30788457514720113,1.048787288506074,0.6601313175118472,1.1052065668193958
0.35873395286903015,1.106226600028974,0.14346069407895645,-1.391638279665349,-1.6296690245278083,-0.24927767993669914,-1.389266445094581
1.541151114690759,-0.1153522287487998,0.4439316533753447,-0.711829137740329,-1.2174126462263617,1.1989920290552967,-0.9772001068433047
0.06401736298591922,0.31527627923760976,-0.4332027229565071,-0.032019995815308906,0.42112493563274545,0.31176373886120845,0.31050720019193434
1.541151114690759,1.554431781810747,-0.607144191914908,1.6675028589972412,0.1355304974356863,0.47811904327242616,2.9447884340125943
0.6534505427521411,-0.8272075174610274,-0.7766838928855806,0.30788457514720113,-0.1847547905989788,0.4768142957873606,0.3546571650045707
0.35873395286903015,-1.2314710147543915,-0.40134099246229066,0.6477891461097112,0.24040981089789612,0.9041190973145956,0.2663572353792975
-0.23425002918647692,-0.18565892393025432,0.5335028087657642,-0.711829137740329,1.1431786706221776,-0.9942884942020896,-0.785883592655212
0.35873395286903015,-0.38779067257693617,-0.6610066708624935,0.9876937170722212,-0.23961473917911905,0.6268602566292328,0.2957905452543886
-1.4166671910082058,-0.18565892393025432,-0.2626708631006247,-0.711829137740329,0.7196275970249462,0.07495207023049244,-0.035334190840387136
0.6534505427521411,-0.9326675602332094,-0.5587314869542914,2.007407429959751,1.1617342414653549,0.2778403042365249,0.8697400878186662
0.35873395286903015,1.4841250866292925,-0.6435169254480185,0.30788457514720113,-1.0818763026752247,0.34960141594387,-0.8153169025303033
-1.4166671910082058,-0.3702139987815726,2.4698571103136926,-1.391638279665349,-2.4348194463372725,-1.9265305726471633,-1.426058082438445
-0.8236832089526988,-0.07141054426039069,-0.09450861850500444,-0.032019995815308906,1.5885123708615867,0.048857120518983416,-0.020617535902841343
-0.5289666190695879,-0.4229440201676635,-0.7111014528201506,-1.051733708702839,0.39127466949321005,-0.23166358888043392,-0.35910059946638995
0.9517179349245372,0.956824872768383,-0.7034450832026552,0.6477891461097112,0.5873183092728096,0.7175402068779088,0.3325821825982525
-1.7113837808913166,-0.46688570465607265,0.4987736780105108,-0.711829137740329,-0.3961269454224687,-1.0869255656779002,-0.4915504939043003
-0.23425002918647692,1.659891824582929,-0.4720559726950724,1.3275982880347312,0.09035171625197397,0.7553778839587161,0.008815773972249726
1.246434524807648,-1.1963176671636642,-0.8150278946859031,0.9876937170722212,-0.9350452638283029,0.24456924335576466,1.77481436647772
0.9517179349245372,-1.249047688549755,-0.2590449257595225,-0.37192456677781893,0.5122892619495619,1.0665601592696896,-0.09420081059056927
-1.1219506011250948,-0.15929391323720876,0.3282821169244121,-0.37192456677781893,0.08067054885525946,-1.0699638483646314,-1.0581417089998053
-0.5289666190695879,-0.3614256618838908,2.4698571103136926,-1.391638279665349,-2.4348194463372725,-1.9265305726471633,-1.3819081176258083
-0.23425002918647692,1.255628327289565,0.057823428439680274,-1.391638279665349,-1.5877172991428097,-0.1892592955995794,-1.852841075627267
0.6534505427521411,0.6931747658379283,2.725564703835224,-1.391638279665349,-1.6756545696609124,-2.4458200719081398,-1.6468079065016288
0.06401736298591922,1.941118605308747,-0.36980649115185055,-0.711829137740329,0.5437530559884541,0.09060904005684162,0.11919068600384163
-1.4166671910082058,-0.8711492019494366,-0.7766838928855806,0.30788457514720113,-0.1847547905989788,0.4768142957873606,0.030890756378567898
-0.8236832089526988,1.0798615893359285,-0.05596189326731464,0.30788457514720113,1.6966187401225103,0.08082343391467807,-1.1170083287499877
1.541151114690759,0.8425764930985192,-0.5920143837096841,0.6477891461097112,-0.3807984303780051,0.4742048008172295,-0.10891746552811507
-1.1219506011250948,-1.1084342981868458,0.6214160029583837,-0.711829137740329,1.213367134247068,-1.036040413739948,-0.1751424127470701
-1.1219506011250948,1.1941099690057921,-0.3831756873559275,0.30788457514720113,-0.025822292506020608,0.8578005615776174,-0.5209838037793916
-0.8236832089526988,1.211686642801156,-0.6550134187814515,1.6675028589972412,-0.029049348305020987,0.6490409638846181,-0.12363412046566087
0.6534505427521411,-1.407237752708028,-0.598064672829062,0.30788457514720113,1.0899322499413944,0.6907928834224762,0.9138900526313031
0.6534505427521411,1.3962417176524742,-0.6449359498454464,-1.391638279665349,0.30495092687446423,-0.04638944592881255,0.3620154924733436
-0.5289666190695879,-0.4141556832699817,-0.26480995035893445,-0.711829137740329,0.37755968234839,1.0535126844143987,-0.0721258281842511
-1.7113837808913166,-1.055704276800755,-0.7880707069294405,1.6675028589972412,0.4275790472301729,0.6353411152854037,1.1419982041632597
-0.5289666190695879,1.3874533807547924,-0.41298329118718563,1.3275982880347312,1.064922567500216,0.17019863667643426,0.6342736088179372
1.246434524807648,1.4841250866292925,1.5875845615061142,-1.391638279665349,2.337189316191554,-1.1652104148124274,0.23692392550420643
-1.7113837808913166,-1.556639479968619,-0.7127298245669085,-1.391638279665349,0.16699429147429193,-0.10836495149399414,-0.0059008809652960695
0.9517179349245372,-0.3965790094746181,0.4987736780105108,-0.711829137740329,-0.3961269454224687,-1.0869255656779002,-0.5283421312481642
1.541151114690759,-0.027468859771981564,4.28700796815416,-1.051733708702839,-0.9552143625708371,-3.903223013298376,-1.9705743151276318
-1.1219506011250948,-1.152375982675255,-0.6538435645334153,0.6477891461097112,0.5502071675861683,0.7697301063009268,1.1567148591008056
-1.4166671910082058,-0.8711492019494366,-0.7766838928855806,0.30788457514720113,-0.1847547905989788,0.4768142957873606,0.6637069186930282
-0.5289666190695879,-0.3965790094746181,-0.46934929154344895,0.30788457514720113,-0.3130302586024366,0.2615309606671794,0.31786552766070675
-1.1219506011250948,-1.205106004061346,0.869723060587918,-0.37192456677781893,-0.46712217299703757,-1.3667939013343213,-0.6902253355611656
-1.1219506011250948,0.06041450920483668,1.2621727887844494,-0.37192456677781893,-0.6131464478942809,-1.636876630849506,-0.9036168321555768
1.246434524807648,-1.1963176671636642,0.843648645941754,-0.37192456677781893,-0.4872912717398584,-1.3387418303947505,-0.4915504939043003
0.9517179349245372,-0.48446237845143636,0.21914701939995437,-1.051733708702839,-1.3706977966709974,0.9824039464491228,-0.5798504235295737
0.35873395286903015,-1.2226826778567095,-0.5553164835282586,0.30788457514720113,0.9535891424405788,0.6881833884523452,1.671797781914901
-1.1219506011250948,-0.6514407795073909,-0.6920904288463355,-1.051733708702839,0.4146708240350313,-0.21992086151206267,0.5386153517238905
0.9517179349245372,-1.556639479968619,-0.59093052132473,1.6675028589972412,-0.04034404360109238,0.7025356107936288,0.5091820418487994
0.06401736298591922,-1.4599677740941186,-0.706260682092297,0.6477891461097112,-0.2678514774187243,0.4911665181286442,0.5238986967863453
1.246434524807648,-1.0644926136984367,1.0511849304799372,-1.391638279665349,-1.1278618478086153,1.7143672858582952,-0.9772001068433047
-1.7113837808913166,1.3347233593687011,-0.7905725941754065,2.007407429959751,1.1270433916280356,0.4474574773617971,0.6710652461618011
-0.23425002918647692,2.0817319956716562,-0.6367528404024301,1.3275982880347312,0.3565838196558907,0.4937760131006295,1.8631142961029934
0.9517179349245372,-0.05383387046502679,-0.09240610158699071,-0.032019995815308906,1.5885123708615867,0.046899999289994464,0.14862399587893269
1.246434524807648,1.28199333798261,-0.7726100680362116,2.007407429959751,1.0318452455625402,0.48920939690150944,0.7372901933807562
0.9517179349245372,1.545643444913065,-0.37264168412837523,0.9876937170722212,0.8148257430904415,0.21521242493020112,-0.35910059946638995
-0.8236832089526988,-0.0362571966696632,0.9341273169351797,-0.032019995815308906,-0.5816826538556753,-1.379189002447543,-0.6240003883422106
-1.4166671910082058,-0.3086956404977999,0.5693060445266734,-1.051733708702839,-1.4118427581063175,1.2511819284783146,-0.9698417793745319
-1.1219506011250948,-0.23838894531634522,0.5905461933645161,-0.711829137740329,-0.35417522003775675,-1.177605515924722,-1.2568165506566709
0.9517179349245372,0.0428378354094731,-0.5815034650136419,-1.051733708702839,0.5171298456479192,-0.1416360123766085,0.3767321474108894
-1.7113837808913166,0.2186045733631096,0.8735966608409593,-0.37192456677781893,-0.46873570089639444,-1.3694033963063066,-1.1170083287499877
-1.4166671910082058,-0.15929391323720876,-0.6303115421565472,0.30788457514720113,1.048787288506074,0.6601313175118472,0.30314887272316143
1.246434524807648,-1.1963176671636642,-0.6116126749919829,0.30788457514720113,-1.05848014813369,0.4044008103388733,1.0095483097253497
-0.5289666190695879,1.4226067283455195,-0.7348024444482779,0.9876937170722212,-0.22186593228562013,0.5609705086079275,0.2589989079105246
-0.23425002918647692,-1.556639479968619,-0.6424570202057313,-1.051733708702839,0.4654969528664927,-0.1807784369443356,1.0463399470692136
0.35873395286903015,-1.0820692874938003,-0.5499967286036433,0.30788457514720113,0.8341880778835838,0.5929368220045492,0.8476651054123481
0.35873395286903015,0.35042962682833695,0.058784093994960485,-1.391638279665349,-0.595397641000782,1.0926551089811987,-1.0434250540622598
0.9517179349245372,-0.2647539560093908,0.5023918411794892,-0.711829137740329,-0.3678902071825768,-1.1006254142771148,-0.5504171136544826
0.6534505427521411,-1.2138943409590277,-0.8204326895341567,1.3275982880347312,-0.8608229804550203,0.27392606178132817,1.3848230106327617
0.6534505427521411,1.7214101828667014,-0.39346670804047207,1.3275982880347312,0.14037108113404356,0.8467102079485341,-0.04269251830916004
0.6534505427521411,-1.556639479968619,-0.6273978141759161,0.6477891461097112,0.6784826355896261,0.7318924292191923,2.3340472541044526
0.6534505427521411,-0.3174839773954817,-0.6303115421565472,0.30788457514720113,1.048787288506074,0.6601313175118472,1.127281549225714
0.9517179349245372,-0.8535725281540729,-0.7546807645836022,1.6675028589972412,1.1254298637283922,0.4207101539082188,0.6857819010993463
-0.5289666190695879,-0.12414056564648145,1.940114709130548,-1.391638279665349,-2.981805404239891,-1.1345488489017983,-0.6387170432797561
-1.7113837808913166,1.000766557256792,-0.4583360661342743,-0.032019995815308906,0.7599657945103012,0.3606917695710991,0.17069897828525085
-1.4166671910082058,-0.14171723944184503,2.366125855698045,-1.391638279665349,-2.1024326990568576,-1.9532778961025958,-1.8454827481584943
-0.5289666190695879,0.05162617230715504,-0.7940755647388671,2.007407429959751,1.1270433916280356,0.45006697233378234,0.6342736088179372
-1.1219506011250948,-1.556639479968619,-0.7127298245669085,-1.391638279665349,0.16699429147429193,-0.10836495149399414,1.27444809860117
0.35873395286903015,-0.1329289025441634,0.8088861973059703,-0.37192456677781893,-0.6946296068146695,-1.222619304178489,-0.9109751596243494
1.246434524807648,-0.6426524426097091,0.9265958893696716,-0.032019995815308906,-0.7632045425399164,-1.2937280421419106,-0.785883592655212
0.35873395286903015,2.0377903111832474,-0.7627603506121149,1.3275982880347312,-0.1186001467227672,0.5831512158623857,2.1868807047289964
1.246434524807648,1.3259350224710194,-0.560101724455229,1.6675028589972412,0.20007161341254104,0.6614360649969128,0.04560741131611369
1.541151114690759,-1.0117625923123459,0.6789417035419503,-1.051733708702839,-1.4102292302066741,1.3379476362690126,-0.4915504939043003
-0.23425002918647692,2.1959803753415206,-0.5077674256279505,0.6477891461097112,0.8261204383865128,0.35090616342893555,-0.1972173951533888
-0.5289666190695879,-0.07141054426039069,-0.09240610158699071,-0.032019995815308906,1.5885123708615867,0.046899999289994464,0.17069897828525085
1.246434524807648,1.308358348675656,2.4214049791944485,-1.051733708702839,-1.0963980537700098,-2.417768000967642,-0.9772001068433047
-0.8236832089526988,0.3064879423399278,-0.45323184616537293,-0.032019995815308906,0.4009558368899246,0.33003020366047,0.3325821825982525
-1.7113837808913166,1.7038335090713381,-0.13108998543286207,-1.051733708702839,0.23798951904857416,1.1265785436058822,-0.44740052909166367
0.9517179349245372,-0.40536734637229993,0.06421808165282117,-0.032019995815308906,1.817633332578862,0.045595251804928905,-0.42532554668534495
0.9517179349245372,-0.2647539560093908,0.5023918411794892,-0.711829137740329,-0.3678902071825768,-1.1006254142771148,-1.1022916738124422
-0.8236832089526988,-0.44052069396302723,-0.7248676077722559,-1.051733708702839,0.37755968234839,-0.22970646765329913,-0.05005084577793294
0.35873395286903015,0.7986348086101102,-0.4768642188252659,0.30788457514720113,0.4275790472301729,0.3437300522587573,-0.182500740215843
-0.23425002918647692,-0.8887258757448002,0.8655860904221162,-0.37192456677781893,-0.48245068804150115,-1.3583130426790775,-0.7564502827801209
-1.1219506011250948,-0.44052069396302723,-0.7111014528201506,-1.051733708702839,0.39127466949321005,-0.23166358888043392,-0.6975836630299386
-1.7113837808913166,1.1589566214150648,-0.7313621352986996,1.6675028589972412,1.169801880962426,0.41092454776698234,0.12654901347261452
0.6534505427521411,-0.1153522287487998,-0.6303115421565472,0.30788457514720113,1.048787288506074,0.6601313175118472,0.23692392550420643
-1.7113837808913166,0.46467800649820074,-0.7559122569106187,0.6477891461097112,-1.0003931437545495,0.27979742546551384,-0.05740917324670531
0.06401736298591922,-1.3896610789126642,-0.564616773236759,0.9876937170722212,0.3146320942708921,0.45006697233378234,0.18541563322279667
-0.5289666190695879,-1.099645961289164,1.0511849304799372,-1.391638279665349,-1.1278618478086153,1.7143672858582952,-1.1537999660938516
0.9517179349245372,0.06920284610251863,0.8661524943911253,-0.37192456677781893,-0.4622815892986803,-1.3654891538483287,-0.7270169729050296
-0.5289666190695879,-0.35263732498620903,2.378364623812713,-1.391638279665349,-2.216993179915782,-1.927835320132229,-1.6615245614391745
-1.7113837808913166,-1.0644926136984367,-0.7880707069294405,1.6675028589972412,0.4275790472301729,0.6353411152854037,0.884456742756212
0.35873395286903015,0.09556785679556416,-0.5496784635162953,0.9876937170722212,0.8228933825875125,0.42397202262227335,0.19277396069156955
-0.5289666190695879,-0.8447841912563911,-0.7766838928855806,0.30788457514720113,-0.1847547905989788,0.4768142957873606,1.0684149294755318
1.246434524807648,-0.9853975816193004,-0.7880707069294405,1.6675028589972412,0.4275790472301729,0.6353411152854037,1.9072642609156303
